2025-04-02,c,0,993,800,28,825,t,993,983,969,138,137,135,7,8,21,-141,-141,-140
2025-04-02,c,2,993,750,21,825,t,993,983,969,139,137,135,7,8,21,-141,-140,-139
2025-04-02,c,1,986,500,14,831,t,993,991,970,140,139,136,7,8,21,-140,-139,-137
2025-04-02,c,5,979,400,14,838,t,993,991,979,140,140,138,7,8,21,-139,-139,-138
2025-04-02,c,3,979,250,7,831,t,993,991,979,141,141,139,7,17,22,-139,-138,-137
2025-04-02,c,4,979,250,7,839,t,993,991,979,141,141,139,7,17,22,-139,-138,-137
2025-04-03,c,0,993,833,35,825,t,993,975,968,137,135,134,7,17,21,-141,-140,-139
2025-04-03,c,2,993,800,28,824,t,993,975,968,138,135,134,7,17,21,-141,-139,-139
2025-04-03,c,1,979,400,14,838,t,993,991,969,140,139,136,7,17,21,-139,-137,-136
2025-04-03,c,4,979,400,14,839,t,993,991,969,140,140,137,7,17,22,-139,-138,-137
2025-04-03,c,5,972,333,14,839,t,993,991,969,140,140,137,7,17,21,-138,-137,-136
2025-04-03,c,3,972,200,7,824,t,993,991,969,141,141,138,14,17,22,-137,-137,-136
2025-04-04,c,0,986,714,35,824,t,986,975,967,136,135,134,14,17,22,-139,-139,-138
2025-04-04,c,2,986,667,28,824,t,986,975,968,137,135,134,14,17,22,-139,-138,-137
2025-04-04,c,1,979,500,21,831,t,986,983,969,138,137,135,14,17,22,-138,-137,-136
2025-04-04,c,4,979,400,14,832,t,986,983,969,139,138,136,14,17,31,-138,-137,-135
2025-04-04,c,3,972,333,14,824,t,986,983,969,139,139,137,14,17,32,-137,-137,-135
2025-04-04,c,5,972,333,14,832,t,986,983,969,139,138,136,14,17,31,-137,-136,-134
2025-04-04,p,4,993,833,35,832,t,986,983,968,136,136,134,7,8,30,-141,-141,-138
2025-04-04,p,1,986,667,28,825,t,993,984,969,138,137,135,7,8,30,-140,-140,-137
2025-04-04,p,3,986,600,21,839,t,993,983,969,139,138,136,7,8,30,-140,-140,-137
2025-04-04,p,2,979,500,21,832,t,993,984,979,139,138,137,7,8,31,-139,-139,-136
2025-04-04,p,5,972,200,7,832,t,993,984,979,141,140,139,7,25,31,-138,-136,-135
2025-04-04,p,0,965,167,7,825,t,993,984,979,141,140,139,7,25,32,-137,-135,-134
2025-04-05,c,0,979,625,35,824,t,979,975,967,135,135,134,14,25,32,-138,-137,-136
2025-04-05,c,1,979,571,28,824,t,979,975,967,136,135,134,14,25,32,-137,-136,-135
2025-04-05,c,2,979,571,28,824,t,979,975,968,136,135,134,14,25,32,-137,-136,-135
2025-04-05,c,4,979,500,21,825,t,979,975,968,137,136,135,14,25,41,-137,-136,-134
2025-04-05,c,3,972,429,21,824,t,979,975,968,137,137,136,14,25,41,-137,-136,-134
2025-04-05,c,5,965,286,14,825,t,979,975,968,138,137,136,21,25,41,-135,-134,-132
2025-04-05,p,4,993,857,42,825,t,979,975,968,134,134,133,7,17,31,-141,-140,-138
2025-04-05,p,1,979,571,28,832,t,993,976,969,138,136,135,7,17,31,-139,-138,-136
2025-04-05,p,2,979,571,28,832,t,993,976,969,138,136,135,7,17,31,-139,-138,-136
2025-04-05,p,3,979,500,21,839,t,993,975,969,139,137,136,7,17,40,-139,-138,-135
2025-04-05,p,5,972,333,14,825,t,993,976,969,140,138,137,7,25,40,-138,-136,-134
2025-04-05,p,0,958,143,7,825,t,993,976,969,141,139,138,14,25,41,-135,-134,-132
2025-04-06,c,1,979,625,35,818,t,972,967,958,134,133,132,21,25,42,-136,-136,-134
2025-04-06,c,0,972,556,35,824,t,979,967,960,135,134,133,21,25,42,-136,-136,-134
2025-04-06,c,2,972,500,28,824,t,979,967,958,135,134,133,21,25,42,-135,-135,-133
2025-04-06,c,3,972,500,28,824,t,979,967,958,136,135,133,21,25,42,-136,-136,-134
2025-04-06,c,4,972,429,21,818,t,979,967,960,136,135,134,21,33,42,-135,-134,-133
2025-04-06,c,5,965,375,21,818,t,979,967,960,136,135,134,21,33,42,-134,-133,-132
2025-04-06,p,4,993,875,49,825,t,979,967,957,133,132,130,14,17,40,-140,-140,-137
2025-04-06,p,3,979,571,28,839,t,993,968,959,138,135,134,14,17,40,-138,-138,-135
2025-04-06,p,1,972,500,28,839,t,993,976,960,138,136,134,14,17,40,-137,-137,-134
2025-04-06,p,2,972,500,28,832,t,993,976,960,138,136,134,14,17,40,-137,-137,-134
2025-04-06,p,5,965,286,14,818,t,993,976,960,140,138,136,14,33,41,-136,-134,-133
2025-04-06,p,0,958,250,14,818,t,993,976,960,140,138,136,14,33,41,-135,-133,-132
2025-04-08,c,0,972,556,35,817,t,972,967,959,133,133,132,21,33,42,-135,-134,-133
2025-04-08,c,1,972,556,35,817,t,972,967,957,133,133,131,21,33,42,-135,-134,-133
2025-04-08,c,2,972,500,28,817,t,972,967,958,134,133,132,21,33,42,-134,-133,-132
2025-04-08,c,3,972,500,28,817,t,972,967,958,134,134,133,21,33,42,-135,-134,-133
2025-04-08,c,4,972,500,28,817,t,972,967,959,134,134,133,21,33,42,-135,-134,-133
2025-04-08,c,5,965,375,21,817,t,972,967,959,135,134,133,28,34,43,-133,-132,-130
2025-04-08,p,4,986,778,49,818,t,972,967,957,132,132,130,14,25,41,-139,-138,-136
2025-04-08,p,1,972,556,35,832,t,986,967,960,136,134,133,14,25,41,-137,-136,-134
2025-04-08,p,2,972,556,35,825,t,986,967,959,136,134,133,14,25,41,-137,-136,-134
2025-04-08,p,3,972,500,28,832,t,986,967,958,137,135,134,14,25,49,-137,-136,-132
2025-04-08,p,0,958,333,21,818,t,986,967,960,138,136,135,14,33,50,-135,-133,-130
2025-04-08,p,5,958,250,14,818,t,986,967,960,139,137,136,21,34,50,-134,-133,-130
2025-04-09,c,0,972,600,42,817,t,972,958,948,132,131,129,28,34,42,-134,-134,-133
2025-04-09,c,4,972,556,35,817,t,972,958,948,133,132,130,28,34,42,-134,-134,-133
2025-04-09,c,1,965,500,35,817,t,972,967,949,133,133,130,28,34,42,-133,-133,-132
2025-04-09,c,2,965,444,28,810,t,972,967,949,134,133,130,28,34,52,-133,-132,-129
2025-04-09,c,3,965,444,28,810,t,972,967,949,134,134,131,28,34,52,-133,-133,-130
2025-04-09,c,5,965,444,28,817,t,972,967,949,134,133,130,28,34,51,-133,-132,-129
2025-04-09,p,4,979,700,49,818,t,972,959,948,132,131,129,21,33,42,-137,-136,-134
2025-04-09,p,1,972,600,42,825,t,979,959,949,134,132,130,21,33,42,-136,-135,-133
2025-04-09,p,2,965,500,35,818,t,979,967,950,135,134,131,21,33,42,-135,-134,-132
2025-04-09,p,3,965,444,28,825,t,979,967,948,136,135,132,21,33,50,-135,-134,-131
2025-04-09,p,0,958,400,28,818,t,979,967,950,136,135,132,21,33,51,-134,-133,-130
2025-04-09,p,5,958,333,21,818,t,979,967,950,137,136,133,28,34,51,-133,-133,-130
2025-04-10,c,0,972,600,42,817,t,972,958,948,132,131,129,28,34,51,-134,-134,-131
2025-04-10,c,4,972,556,35,817,t,972,958,948,133,132,130,28,34,51,-134,-134,-131
2025-04-10,c,1,965,500,35,817,t,972,967,948,133,133,130,28,34,51,-133,-133,-130
2025-04-10,c,3,965,500,35,810,t,972,967,949,133,133,130,28,34,52,-133,-133,-130
2025-04-10,c,2,965,444,28,810,t,972,967,949,134,133,130,28,42,52,-132,-131,-129
2025-04-10,c,5,957,400,28,817,t,972,967,949,134,133,130,28,42,51,-131,-130,-128
2025-04-10,p,4,979,700,49,818,t,972,958,940,132,129,127,21,33,42,-137,-135,-134
2025-04-10,p,1,972,636,49,824,t,979,959,941,133,131,128,21,33,42,-136,-135,-133
2025-04-10,p,2,965,500,35,817,t,979,967,941,135,134,130,21,33,42,-135,-134,-132
2025-04-10,p,0,958,400,28,824,t,979,967,948,135,134,131,21,33,51,-134,-132,-129
2025-04-10,p,3,958,400,28,824,t,979,967,948,136,135,132,21,33,50,-134,-133,-130
2025-04-10,p,5,958,333,21,818,t,979,967,948,137,136,133,28,34,51,-133,-133,-130
2025-04-11,c,4,972,556,35,810,t,965,958,948,132,132,130,28,34,60,-134,-134,-130
2025-04-11,c,0,965,545,42,817,t,972,958,948,132,131,129,28,34,52,-133,-133,-130
2025-04-11,c,1,965,545,42,810,t,972,959,948,132,131,129,28,34,52,-133,-133,-130
2025-04-11,c,3,965,545,42,810,t,972,959,949,132,131,129,28,34,52,-133,-133,-130
2025-04-11,c,2,965,444,28,810,t,972,959,949,134,132,130,28,42,61,-132,-131,-128
2025-04-11,c,5,950,364,28,817,t,972,959,949,134,132,130,28,43,61,-130,-128,-126
2025-04-11,p,4,979,727,56,818,t,972,950,938,131,127,126,21,33,50,-137,-135,-132
2025-04-11,p,1,972,667,56,824,t,979,951,940,132,129,127,21,33,50,-136,-135,-132
2025-04-11,p,0,958,455,35,824,t,979,967,939,134,133,129,21,33,51,-134,-132,-129
2025-04-11,p,2,958,455,35,817,t,979,967,941,135,134,130,21,33,52,-134,-133,-130
2025-04-11,p,3,951,364,28,831,t,979,967,941,136,135,131,21,41,50,-133,-131,-129
2025-04-11,p,5,951,300,21,825,t,979,967,941,137,136,132,28,41,52,-132,-131,-129
2025-04-12,c,3,965,583,49,809,t,965,957,939,130,129,127,35,42,53,-132,-132,-130
2025-04-12,c,0,958,500,42,810,t,965,958,947,131,131,129,35,42,53,-131,-131,-129
2025-04-12,c,1,958,500,42,810,t,965,958,947,131,131,129,35,42,53,-131,-131,-129
2025-04-12,c,2,965,500,35,810,t,965,958,939,132,131,128,35,42,61,-132,-131,-128
2025-04-12,c,4,965,500,35,803,t,965,958,939,132,132,129,35,42,61,-132,-132,-129
2025-04-12,c,5,950,417,35,810,t,965,958,947,132,131,129,35,43,61,-130,-128,-126
2025-04-12,p,4,979,750,63,811,t,965,950,931,129,126,124,28,34,51,-136,-135,-132
2025-04-12,p,1,965,615,56,824,t,979,951,932,132,129,126,28,34,51,-134,-134,-131
2025-04-12,p,0,958,500,42,824,t,979,959,930,133,131,127,28,34,51,-133,-132,-129
2025-04-12,p,2,951,417,35,817,t,979,959,940,135,133,130,28,34,61,-132,-132,-128
2025-04-12,p,5,951,364,28,825,t,979,959,940,136,134,131,28,41,61,-132,-131,-128
2025-04-12,p,3,944,333,28,838,t,979,959,940,136,134,131,28,41,59,-131,-130,-127
2025-04-13,c,3,965,615,56,809,t,965,957,938,129,128,126,35,42,53,-132,-132,-130
2025-04-13,c,1,958,500,42,810,t,965,958,947,131,131,129,35,42,53,-131,-131,-129
2025-04-13,c,2,965,500,35,810,t,965,958,939,132,131,128,35,42,61,-132,-131,-128
2025-04-13,c,4,965,500,35,803,t,965,958,939,132,132,129,35,42,61,-132,-132,-129
2025-04-13,c,0,951,462,42,810,t,965,958,947,131,131,129,35,42,53,-130,-130,-128
2025-04-13,c,5,950,417,35,810,t,965,958,947,132,131,129,35,43,61,-130,-128,-126
2025-04-13,p,4,979,769,70,804,t,958,950,931,127,125,123,28,41,52,-136,-134,-132
2025-04-13,p,1,958,571,56,824,t,979,951,932,132,129,126,28,41,52,-133,-132,-130
2025-04-13,p,0,958,500,42,824,t,979,951,930,133,130,127,28,41,52,-133,-131,-129
2025-04-13,p,2,951,417,35,817,t,979,951,939,135,132,130,28,42,62,-132,-130,-128
2025-04-13,p,5,951,417,35,825,t,979,951,939,135,132,130,28,41,61,-132,-131,-128
2025-04-13,p,3,937,308,28,845,t,979,951,939,136,133,131,35,42,59,-129,-129,-126
2025-04-15,c,3,965,643,63,803,t,958,950,937,127,126,125,35,42,53,-132,-132,-130
2025-04-15,c,1,958,538,49,810,t,965,950,937,130,128,127,35,42,53,-131,-131,-129
2025-04-15,c,0,951,500,49,810,t,965,950,939,130,128,127,35,42,53,-130,-130,-128
2025-04-15,c,2,957,455,35,810,t,965,950,938,132,130,128,35,42,70,-131,-130,-126
2025-04-15,c,4,958,455,35,803,t,965,950,939,132,130,129,35,42,70,-131,-131,-127
2025-04-15,c,5,943,385,35,817,t,965,950,939,132,130,128,35,43,70,-129,-127,-124
2025-04-15,p,4,979,786,77,804,t,958,942,922,126,123,120,35,41,52,-135,-134,-132
2025-04-15,p,1,958,600,63,824,t,979,944,923,131,126,123,35,41,52,-132,-132,-130
2025-04-15,p,0,951,462,42,824,t,979,951,922,133,130,125,35,41,52,-131,-130,-128
2025-04-15,p,2,944,385,35,817,t,979,951,931,135,132,129,35,42,62,-130,-129,-127
2025-04-15,p,5,944,385,35,825,t,979,951,931,135,132,129,35,41,61,-130,-130,-127
2025-04-15,p,3,937,357,35,845,t,979,951,931,135,132,129,35,42,59,-129,-129,-126
2025-04-16,c,3,958,600,63,803,t,958,950,929,127,126,123,35,43,62,-131,-130,-128
2025-04-16,c,1,958,538,49,803,t,958,950,929,129,128,125,35,43,62,-131,-130,-128
2025-04-16,c,0,951,533,56,803,t,958,950,938,128,127,126,35,43,62,-130,-129,-127
2025-04-16,c,4,958,455,35,803,t,958,950,929,131,130,127,35,50,71,-131,-129,-126
2025-04-16,c,5,943,429,43,817,t,958,950,938,130,128,127,35,43,70,-129,-127,-124
2025-04-16,c,2,950,417,35,803,t,958,950,938,131,129,128,35,50,71,-130,-127,-125
2025-04-16,p,4,972,733,77,804,t,951,935,919,125,122,120,42,49,61,-133,-132,-130
2025-04-16,p,1,951,562,63,817,t,972,935,921,130,125,123,42,49,61,-130,-129,-128
2025-04-16,p,0,944,429,42,817,t,972,943,922,132,128,125,42,50,62,-129,-127,-126
2025-04-16,p,2,944,429,42,810,t,972,943,922,133,129,126,42,50,62,-129,-128,-127
2025-04-16,p,5,944,429,42,818,t,972,943,921,133,129,126,42,49,61,-129,-128,-127
2025-04-16,p,3,937,400,42,838,t,972,943,922,133,129,126,42,49,61,-128,-127,-126
2025-04-17,c,3,958,600,63,803,t,958,942,927,127,125,123,35,50,62,-131,-129,-128
2025-04-17,c,1,958,571,56,803,t,958,942,926,128,126,124,35,50,62,-131,-129,-128
2025-04-17,c,0,944,500,56,809,t,958,950,929,128,127,124,35,50,62,-129,-127,-126
2025-04-17,c,2,950,462,43,803,t,958,950,929,130,128,126,35,50,78,-130,-127,-123
2025-04-17,c,5,943,429,43,817,t,958,950,929,130,128,126,35,51,78,-129,-126,-123
2025-04-17,c,4,951,417,35,810,t,958,950,929,131,130,127,43,50,78,-129,-128,-124
2025-04-17,p,4,965,688,77,804,t,951,935,918,125,122,120,42,49,70,-132,-131,-128
2025-04-17,p,1,951,562,63,811,t,965,934,918,129,125,123,42,49,70,-130,-129,-126
2025-04-17,p,5,944,467,49,818,t,965,943,920,131,128,125,42,49,70,-129,-128,-125
2025-04-17,p,3,937,438,49,831,t,965,943,922,131,128,125,42,49,71,-128,-127,-124
2025-04-17,p,2,944,429,42,803,t,965,943,922,132,129,126,42,58,72,-129,-127,-125
2025-04-17,p,0,937,400,42,810,t,965,943,922,131,128,125,42,58,72,-128,-125,-123
2025-04-18,c,3,958,625,70,803,t,951,941,920,125,124,121,35,50,62,-131,-129,-128
2025-04-18,c,1,951,533,56,810,t,958,942,921,128,126,123,35,50,62,-130,-128,-127
2025-04-18,c,0,944,529,63,809,t,958,943,929,127,125,123,35,50,62,-129,-127,-126
2025-04-18,c,2,950,462,43,803,t,958,943,920,130,127,124,35,50,78,-130,-127,-123
2025-04-18,c,5,943,429,43,817,t,958,943,929,130,127,125,35,51,78,-129,-126,-122
2025-04-18,c,4,944,385,35,803,t,958,943,929,131,129,127,43,50,81,-128,-127,-123
2025-04-18,p,4,965,706,85,797,t,944,935,918,123,121,119,42,57,69,-131,-129,-128
2025-04-18,p,1,944,529,63,817,t,965,934,918,129,125,123,42,57,69,-129,-127,-126
2025-04-18,p,5,944,500,56,811,t,965,935,919,130,126,124,42,57,69,-129,-127,-126
2025-04-18,p,2,944,467,49,803,t,965,935,922,131,127,125,42,58,80,-129,-127,-124
2025-04-18,p,3,930,412,49,831,t,965,935,922,131,127,125,42,57,79,-127,-125,-122
2025-04-18,p,0,930,375,42,810,t,965,935,922,131,127,125,49,57,82,-126,-124,-121
2025-04-19,c,3,958,647,77,803,t,944,934,918,123,122,120,35,51,71,-131,-129,-126
2025-04-19,c,0,944,556,70,803,t,958,935,920,126,123,121,35,51,71,-129,-127,-124
2025-04-19,c,1,944,500,56,817,t,958,934,920,128,125,123,35,51,71,-129,-127,-124
2025-04-19,c,5,943,467,50,817,t,958,935,920,129,125,123,35,51,78,-129,-126,-122
2025-04-19,c,2,943,429,43,803,t,958,935,920,130,126,124,35,59,79,-129,-125,-122
2025-04-19,c,4,937,357,35,803,t,958,935,920,131,128,126,43,58,81,-127,-125,-122
2025-04-19,p,4,958,667,85,804,t,944,935,909,123,121,118,42,57,78,-130,-128,-125
2025-04-19,p,1,944,556,70,817,t,958,934,910,127,124,121,42,57,78,-129,-127,-124
2025-04-19,p,5,944,529,63,811,t,958,935,911,128,125,122,42,57,78,-129,-127,-124
2025-04-19,p,3,930,444,56,824,t,958,935,922,129,126,124,42,57,87,-127,-125,-121
2025-04-19,p,2,937,438,49,796,t,958,935,922,130,127,125,42,66,88,-128,-125,-122
2025-04-19,p,0,923,353,42,804,t,958,935,922,130,127,125,49,65,92,-125,-122,-118
2025-04-20,c,3,951,611,77,810,t,944,932,911,123,122,119,42,51,80,-129,-128,-124
2025-04-20,c,1,944,529,63,817,t,951,934,912,126,124,121,42,51,80,-128,-127,-123
2025-04-20,c,0,937,526,70,803,t,951,935,918,125,123,121,42,51,80,-127,-126,-122
2025-04-20,c,5,943,500,57,810,t,951,935,911,127,124,121,42,51,87,-128,-126,-121
2025-04-20,c,2,936,400,43,801,t,951,935,918,129,126,124,42,67,89,-127,-123,-120
2025-04-20,c,4,937,400,42,803,t,951,935,918,129,127,125,43,66,90,-127,-124,-121
2025-04-20,p,4,951,632,85,811,t,944,927,902,123,120,117,49,57,87,-129,-127,-123
2025-04-20,p,1,944,579,77,817,t,951,926,903,125,122,119,49,57,87,-128,-127,-123
2025-04-20,p,5,937,500,63,811,t,951,935,906,127,125,121,49,57,87,-127,-126,-122
2025-04-20,p,3,930,474,63,817,t,951,935,913,127,125,122,49,57,87,-126,-125,-121
2025-04-20,p,2,930,412,49,797,t,951,935,913,129,127,124,49,73,91,-126,-123,-120
2025-04-20,p,0,923,389,49,804,t,951,935,913,128,126,123,49,73,92,-125,-121,-118
2025-04-22,c,3,951,611,77,810,t,944,927,911,123,121,119,42,51,80,-129,-128,-124
2025-04-22,c,1,944,556,70,817,t,951,927,910,125,122,120,42,51,80,-128,-127,-123
2025-04-22,c,0,937,550,77,803,t,951,935,909,124,122,119,42,51,80,-127,-126,-122
2025-04-22,c,5,936,471,57,810,t,951,935,911,127,124,121,42,51,94,-127,-125,-119
2025-04-22,c,4,937,400,42,803,t,951,935,911,129,127,124,43,66,97,-127,-124,-120
2025-04-22,c,2,929,375,43,796,t,951,935,911,129,126,123,42,67,97,-126,-122,-118
2025-04-22,p,4,950,632,85,804,t,937,919,901,121,118,116,50,65,87,-127,-125,-122
2025-04-22,p,1,937,550,77,816,t,950,921,903,125,121,119,50,65,87,-127,-125,-122
2025-04-22,p,3,930,500,70,816,t,950,928,903,126,123,120,50,65,87,-126,-124,-121
2025-04-22,p,5,930,474,63,804,t,950,928,906,127,124,121,50,65,96,-126,-124,-120
2025-04-22,p,2,930,444,56,797,t,950,928,906,128,125,122,50,73,99,-126,-123,-119
2025-04-22,p,0,922,389,50,801,t,950,928,906,127,124,121,56,74,98,-123,-120,-117
2025-04-23,c,3,951,632,85,810,t,944,926,903,122,120,117,42,51,80,-129,-128,-124
2025-04-23,c,1,944,579,77,817,t,951,926,902,124,121,118,42,51,80,-128,-127,-123
2025-04-23,c,0,937,571,85,796,t,951,935,901,123,121,116,42,51,80,-127,-126,-122
2025-04-23,c,5,929,444,57,810,t,951,935,911,127,124,121,42,51,101,-126,-124,-117
2025-04-23,c,4,930,375,42,803,t,951,935,911,129,127,124,43,66,104,-126,-123,-118
2025-04-23,c,2,922,353,43,803,t,951,935,911,129,126,123,42,67,106,-125,-121,-116
2025-04-23,p,4,943,600,85,797,t,930,919,900,120,118,115,57,73,87,-125,-123,-121
2025-04-23,p,1,930,524,77,809,t,943,920,902,124,121,118,57,73,87,-125,-123,-121
2025-04-23,p,3,930,524,77,809,t,943,920,899,124,121,118,57,73,87,-125,-123,-121
2025-04-23,p,2,930,474,63,797,t,943,920,905,126,123,121,57,73,105,-125,-123,-119
2025-04-23,p,5,923,450,63,797,t,943,920,905,126,123,121,57,73,106,-124,-122,-117
2025-04-23,p,0,922,421,57,801,t,943,920,905,125,122,120,63,74,106,-122,-120,-116
2025-04-24,c,3,951,632,85,810,t,944,926,903,122,120,117,42,51,80,-129,-128,-124
2025-04-24,c,1,944,600,85,817,t,951,926,902,123,120,117,42,51,80,-128,-127,-123
2025-04-24,c,0,937,571,85,796,t,951,935,901,123,121,116,42,51,80,-127,-126,-122
2025-04-24,c,5,929,444,57,810,t,951,935,911,127,124,121,42,51,107,-126,-124,-116
2025-04-24,c,4,930,375,42,803,t,951,935,911,129,127,124,43,66,109,-126,-123,-117
2025-04-24,c,2,915,333,43,810,t,951,935,911,129,126,123,42,67,108,-124,-120,-114
2025-04-25,c,1,944,619,92,810,t,944,919,901,121,118,115,49,60,80,-127,-126,-123
2025-04-25,c,3,944,600,85,810,t,944,919,902,122,119,117,49,60,80,-127,-126,-123
2025-04-25,c,0,930,545,85,796,t,944,935,901,122,121,116,49,60,80,-125,-124,-121
2025-04-25,c,5,922,421,57,803,t,944,935,903,126,124,120,49,60,109,-124,-122,-115
2025-04-25,c,4,930,412,49,796,t,944,935,903,127,126,122,50,66,110,-125,-123,-117
2025-04-25,c,2,915,368,50,810,t,944,935,903,127,125,121,49,67,109,-123,-120,-114
2025-04-25,p,4,943,619,92,790,t,930,911,892,119,116,113,63,74,97,-125,-123,-120
2025-04-25,p,1,923,500,77,809,t,943,917,897,124,121,118,63,74,97,-123,-122,-119
2025-04-25,p,2,930,500,70,790,t,943,913,895,125,121,119,63,74,106,-124,-123,-118
2025-04-25,p,3,923,500,77,809,t,943,917,894,124,121,117,63,74,97,-123,-122,-119
2025-04-25,p,0,922,450,64,801,t,943,917,897,124,121,118,63,81,106,-122,-119,-116
2025-04-25,p,5,916,429,63,794,t,943,917,897,126,123,120,64,81,106,-122,-120,-116
2025-04-26,c,1,944,636,99,803,t,937,911,891,119,116,113,49,68,89,-127,-125,-122
2025-04-26,c,3,937,571,85,810,t,944,912,892,122,118,115,49,68,89,-126,-124,-121
2025-04-26,c,0,923,522,85,803,t,944,927,892,122,120,115,49,68,89,-124,-122,-119
2025-04-26,c,5,922,450,64,796,t,944,927,894,125,122,118,49,68,110,-124,-121,-115
2025-04-26,c,2,915,400,57,810,t,944,927,894,126,123,119,49,74,110,-123,-119,-114
2025-04-26,c,4,923,389,49,796,t,944,927,894,127,125,120,57,74,112,-123,-121,-116
2025-04-26,p,4,936,591,92,790,t,923,911,892,118,116,113,64,81,97,-123,-121,-119
2025-04-26,p,1,923,522,84,801,t,936,912,892,122,119,116,64,81,97,-123,-121,-119
2025-04-26,p,3,923,522,84,801,t,936,912,891,122,119,116,64,81,97,-123,-121,-119
2025-04-26,p,2,923,476,70,790,t,936,912,895,124,121,119,64,81,114,-123,-121,-116
2025-04-26,p,5,916,455,70,794,t,936,912,895,124,121,119,64,81,113,-122,-120,-115
2025-04-26,p,0,915,429,64,794,t,936,912,895,123,120,118,70,82,114,-120,-118,-113
2025-04-27,c,1,937,609,99,796,t,930,911,891,118,116,113,56,74,92,-125,-123,-120
2025-04-27,c,3,930,545,85,803,t,937,912,892,121,118,115,56,74,92,-124,-122,-119
2025-04-27,c,0,923,542,92,803,t,937,919,891,120,118,114,56,74,92,-123,-121,-118
2025-04-27,c,2,915,429,64,803,t,937,919,893,124,121,117,56,74,114,-122,-119,-113
2025-04-27,c,5,915,429,64,789,t,937,919,893,124,121,117,56,76,113,-122,-119,-114
2025-04-27,c,4,923,421,56,789,t,937,919,893,125,123,119,64,74,112,-122,-121,-116
2025-04-27,p,4,929,565,92,790,t,923,911,886,118,116,112,64,89,107,-122,-119,-116
2025-04-27,p,3,923,542,91,794,t,929,908,886,120,117,114,64,89,107,-123,-120,-117
2025-04-27,p,1,916,500,84,794,t,929,911,891,121,119,116,64,89,107,-122,-119,-116
2025-04-27,p,2,923,500,77,790,t,929,911,886,122,120,116,64,89,115,-123,-120,-116
2025-04-27,p,5,916,478,77,794,t,929,911,891,122,120,117,64,89,117,-122,-119,-115
2025-04-27,p,0,908,409,64,790,t,929,911,891,122,120,117,77,90,115,-118,-116,-112
2025-04-29,c,1,930,583,99,789,t,923,909,883,117,116,112,56,82,100,-124,-121,-118
2025-04-29,c,0,923,560,99,796,t,930,911,886,118,116,112,56,82,100,-123,-120,-117
2025-04-29,c,3,923,522,85,796,t,930,911,883,120,118,114,56,82,100,-123,-120,-117
2025-04-29,c,2,915,455,71,796,t,930,911,892,122,119,116,56,82,114,-122,-118,-113
2025-04-29,c,5,915,455,71,782,t,930,911,892,122,119,116,56,83,114,-122,-118,-113
2025-04-29,c,4,915,400,56,789,t,930,911,892,124,122,119,71,83,114,-120,-119,-114
2025-04-29,p,4,929,583,99,783,t,916,903,883,116,114,111,64,89,114,-122,-119,-115
2025-04-29,p,1,916,520,91,794,t,929,904,883,120,117,114,64,89,114,-122,-119,-115
2025-04-29,p,3,916,520,91,794,t,929,904,886,120,117,114,64,89,114,-122,-119,-115
2025-04-29,p,5,916,500,84,794,t,929,904,886,121,118,115,64,89,120,-122,-119,-114
2025-04-29,p,2,916,478,77,783,t,929,904,886,122,119,116,64,97,123,-122,-118,-114
2025-04-29,p,0,901,391,64,787,t,929,904,886,122,119,116,77,98,124,-117,-114,-110
2025-04-30,c,0,923,577,106,789,t,923,902,881,116,114,111,63,83,108,-122,-120,-116
2025-04-30,c,1,923,560,99,789,t,923,902,883,117,115,112,63,83,108,-122,-120,-116
2025-04-30,c,3,915,500,85,789,t,923,911,883,119,118,114,63,83,108,-121,-119,-115
2025-04-30,c,5,915,478,78,782,t,923,911,885,120,118,114,63,83,115,-121,-118,-113
2025-04-30,c,2,908,435,71,789,t,923,911,885,121,119,115,63,90,117,-120,-116,-112
2025-04-30,c,4,915,429,63,789,t,923,911,885,122,121,117,71,91,115,-120,-118,-114
2025-04-30,p,4,929,600,106,783,t,916,903,875,115,113,109,64,89,120,-122,-119,-115
2025-04-30,p,1,916,538,98,794,t,929,903,876,119,116,112,64,89,120,-122,-119,-114
2025-04-30,p,5,916,520,91,794,t,929,904,877,120,117,113,64,89,120,-122,-119,-114
2025-04-30,p,3,909,500,91,794,t,929,904,886,120,117,114,64,89,121,-121,-118,-113
2025-04-30,p,2,909,458,77,780,t,929,904,886,122,119,116,64,105,125,-121,-116,-113
2025-04-30,p,0,894,375,64,787,t,929,904,886,122,119,116,77,105,127,-116,-112,-109
2025-05-01,c,0,923,593,113,782,t,915,901,875,114,112,109,63,90,117,-122,-119,-115
2025-05-01,c,1,915,538,99,789,t,923,901,876,117,114,111,63,90,117,-121,-118,-114
2025-05-01,c,5,915,500,85,782,t,923,902,877,119,116,112,63,90,117,-121,-117,-113
2025-05-01,c,3,908,480,85,789,t,923,902,882,119,117,114,63,90,117,-120,-117,-113
2025-05-01,c,2,908,458,78,782,t,923,902,882,120,117,114,63,98,118,-120,-115,-112
2025-05-01,c,4,908,409,63,789,t,923,902,882,122,120,117,78,98,118,-118,-116,-113
2025-05-01,p,4,929,600,106,783,t,916,903,875,115,113,109,64,89,120,-122,-119,-115
2025-05-01,p,1,916,556,105,794,t,929,903,875,118,115,111,64,89,120,-122,-119,-114
2025-05-01,p,5,916,538,98,794,t,929,904,876,119,116,112,64,89,120,-122,-119,-114
2025-05-01,p,3,902,481,91,794,t,929,904,886,120,117,114,64,89,130,-120,-117,-111
2025-05-01,p,2,909,458,77,780,t,929,904,886,122,119,116,64,105,130,-121,-116,-112
2025-05-01,p,0,887,360,64,787,t,929,904,886,122,119,116,77,105,135,-115,-111,-107
2025-05-02,c,0,923,593,113,782,t,915,901,874,114,112,109,63,90,117,-122,-119,-115
2025-05-02,c,1,915,556,106,789,t,923,901,874,116,113,110,63,90,117,-121,-118,-114
2025-05-02,c,5,915,520,92,782,t,923,902,875,118,115,111,63,90,117,-121,-117,-113
2025-05-02,c,3,901,462,85,789,t,923,902,882,119,117,114,63,90,125,-119,-116,-111
2025-05-02,c,2,908,458,78,782,t,923,902,882,120,117,114,63,98,125,-120,-115,-111
2025-05-02,c,4,901,391,63,789,t,923,902,882,122,120,117,78,98,125,-117,-115,-111
2025-05-02,p,4,929,600,106,783,t,916,903,867,115,113,108,71,89,121,-121,-119,-114
2025-05-02,p,1,916,556,105,794,t,929,903,869,118,115,110,71,89,121,-121,-119,-114
2025-05-02,p,5,916,538,98,794,t,929,904,870,119,116,111,71,89,121,-121,-119,-114
2025-05-02,p,3,902,481,91,794,t,929,904,886,120,117,114,71,89,131,-119,-117,-111
2025-05-02,p,2,902,440,77,780,t,929,904,886,122,119,116,71,105,131,-119,-115,-111
2025-05-02,p,0,887,385,71,787,t,929,904,886,121,118,115,77,105,135,-115,-111,-107
2025-05-03,c,0,915,571,113,782,t,915,893,873,114,111,108,63,98,125,-121,-117,-113
2025-05-03,c,1,915,571,113,782,t,915,893,873,114,111,108,63,98,125,-121,-117,-113
2025-05-03,c,5,908,500,92,775,t,915,902,875,117,115,111,63,98,125,-120,-115,-111
2025-05-03,c,3,901,481,92,782,t,915,902,875,117,116,112,63,98,126,-119,-115,-111
2025-05-03,c,2,908,480,85,782,t,915,902,873,118,116,112,63,105,125,-120,-114,-111
2025-05-03,c,4,894,375,63,782,t,915,902,875,121,120,116,85,106,126,-115,-112,-110
2025-05-03,p,4,929,615,113,783,t,916,897,860,114,111,106,77,89,121,-121,-119,-114
2025-05-03,p,5,916,556,105,794,t,929,897,864,118,114,109,77,89,121,-120,-119,-114
2025-05-03,p,1,909,536,105,794,t,929,903,864,118,115,109,77,89,121,-119,-118,-113
2025-05-03,p,3,895,464,91,801,t,929,903,880,120,117,113,77,89,138,-117,-116,-109
2025-05-03,p,2,895,423,77,780,t,929,903,880,122,119,115,78,105,140,-117,-114,-108
2025-05-03,p,0,887,407,78,787,t,929,903,880,120,117,114,77,105,139,-115,-111,-106
2025-05-04,c,0,915,586,120,775,t,908,887,865,112,109,106,70,98,126,-120,-117,-113
2025-05-04,c,1,908,552,113,782,t,915,887,867,114,110,108,70,98,126,-119,-116,-112
2025-05-04,c,3,901,500,99,782,t,915,894,868,116,113,110,70,98,126,-118,-115,-111
2025-05-04,c,5,901,481,92,782,t,915,894,868,117,114,110,70,98,133,-118,-114,-109
2025-05-04,c,2,901,462,85,789,t,915,894,868,118,115,111,70,107,132,-118,-112,-109
2025-05-04,c,4,894,400,70,782,t,915,894,868,120,117,114,85,107,131,-115,-112,-109
2025-05-04,p,4,922,593,113,776,t,909,897,858,113,111,106,77,96,131,-120,-117,-112
2025-05-04,p,1,909,552,112,790,t,922,895,862,116,113,108,77,96,131,-119,-117,-112
2025-05-04,p,5,909,536,105,790,t,922,896,864,117,114,109,77,96,131,-119,-117,-112
2025-05-04,p,3,895,483,98,801,t,922,897,879,118,115,112,77,96,142,-117,-115,-108
2025-05-04,p,0,887,429,85,780,t,922,897,879,118,115,112,77,113,143,-115,-110,-105
2025-05-04,p,2,888,407,77,773,t,922,897,879,121,118,115,85,113,142,-115,-111,-107
2025-05-05,c,0,908,567,120,782,t,908,886,865,112,109,106,70,106,126,-119,-114,-112
2025-05-05,c,1,908,567,120,782,t,908,886,865,112,109,106,70,106,126,-119,-114,-112
2025-05-05,c,3,901,517,106,775,t,908,895,867,114,113,109,70,106,126,-118,-113,-111
2025-05-05,c,2,901,481,92,782,t,908,895,867,116,114,110,70,107,138,-118,-112,-108
2025-05-05,c,5,894,464,92,782,t,908,895,867,116,114,110,70,106,140,-117,-112,-107
2025-05-05,c,4,887,385,70,782,t,908,895,867,119,118,114,92,107,139,-113,-111,-107
2025-05-05,p,4,922,607,121,776,t,902,889,856,111,109,104,77,103,139,-120,-116,-111
2025-05-05,p,1,902,533,112,794,t,922,887,862,116,111,108,77,103,139,-118,-115,-110
2025-05-05,p,5,902,517,105,787,t,922,890,864,117,113,109,77,103,139,-118,-115,-110
2025-05-05,p,3,895,500,105,801,t,922,890,869,117,113,110,77,103,142,-117,-114,-108
2025-05-05,p,0,887,448,92,780,t,922,890,869,117,113,110,77,120,144,-115,-109,-105
2025-05-05,p,2,881,393,77,773,t,922,890,869,121,117,114,92,120,144,-113,-109,-106
2025-05-06,c,1,908,581,127,782,t,901,886,865,110,108,105,70,107,132,-119,-114,-111
2025-05-06,c,0,901,548,120,789,t,908,886,865,112,109,106,70,107,132,-118,-113,-110
2025-05-06,c,3,901,517,106,775,t,908,889,865,114,112,108,70,107,132,-118,-113,-110
2025-05-06,c,2,901,500,99,775,t,908,889,865,115,112,109,70,107,138,-118,-112,-108
2025-05-06,c,5,887,448,92,782,t,908,889,865,116,113,110,70,113,142,-116,-110,-106
2025-05-06,c,4,887,385,70,782,t,908,889,865,119,117,113,92,113,139,-113,-110,-107
2025-05-06,p,4,915,586,121,783,t,902,881,854,111,108,104,77,110,140,-119,-114,-110
2025-05-06,p,1,902,548,119,794,t,915,883,854,114,110,106,77,110,140,-118,-114,-109
2025-05-06,p,3,895,500,105,794,t,915,890,861,116,113,109,77,110,142,-117,-113,-108
2025-05-06,p,5,895,500,105,783,t,915,890,862,116,113,109,77,110,140,-117,-113,-108
2025-05-06,p,0,887,467,99,776,t,915,890,862,115,112,108,77,120,144,-115,-109,-105
2025-05-06,p,2,881,393,77,769,t,915,890,862,120,117,113,99,119,144,-112,-109,-106
2025-05-07,c,0,901,562,127,789,t,901,886,857,110,108,104,70,113,133,-118,-112,-110
2025-05-07,c,1,901,562,127,789,t,901,886,857,110,108,104,70,113,133,-118,-112,-110
2025-05-07,c,3,901,533,113,768,t,901,889,857,112,111,106,70,113,133,-118,-112,-110
2025-05-07,c,2,894,483,99,775,t,901,889,865,114,112,109,70,115,144,-117,-110,-106
2025-05-07,c,5,887,467,99,782,t,901,889,865,114,112,109,70,113,147,-116,-110,-105
2025-05-07,c,4,880,370,70,775,t,901,889,865,118,117,113,99,113,147,-111,-109,-105
2025-05-07,p,4,914,586,121,789,t,901,881,848,110,107,102,84,111,139,-117,-113,-109
2025-05-07,p,1,901,548,120,800,t,914,879,852,113,108,104,84,111,139,-117,-113,-109
2025-05-07,p,5,895,516,112,782,t,914,890,856,115,112,107,84,111,139,-116,-113,-109
2025-05-07,p,3,888,484,105,793,t,914,890,861,116,113,109,84,111,148,-115,-112,-106
2025-05-07,p,0,879,452,99,783,t,914,890,861,115,112,108,84,119,152,-113,-108,-103
2025-05-07,p,2,881,414,84,769,t,914,890,861,119,116,112,99,121,148,-112,-109,-105
2025-05-09,c,1,901,562,127,782,t,894,878,857,109,107,104,77,115,142,-117,-112,-108
2025-05-09,c,0,894,545,127,789,t,901,878,857,110,107,104,77,115,142,-116,-111,-107
2025-05-09,c,3,894,516,113,768,t,901,882,856,112,110,106,77,115,142,-116,-111,-107
2025-05-09,c,2,894,500,106,768,t,901,882,856,113,110,106,77,115,145,-116,-110,-106
2025-05-09,c,5,887,467,99,775,t,901,882,857,114,111,107,77,121,148,-115,-108,-105
2025-05-09,c,4,880,393,77,775,t,901,882,857,117,115,111,99,120,147,-111,-108,-105
2025-05-09,p,4,907,567,121,789,t,901,881,844,110,107,102,84,118,140,-116,-111,-108
2025-05-09,p,1,901,562,127,793,t,907,879,845,111,107,103,84,118,140,-117,-112,-109
2025-05-09,p,5,895,531,119,782,t,907,889,848,113,111,105,84,118,140,-116,-112,-108
2025-05-09,p,0,879,469,106,783,t,907,889,861,113,111,107,84,119,159,-113,-108,-102
2025-05-09,p,3,881,469,105,786,t,907,889,861,115,113,109,84,118,155,-114,-110,-104
2025-05-09,p,2,874,400,84,762,t,907,889,861,118,116,112,105,123,157,-110,-108,-103
2025-05-10,c,1,901,576,134,782,t,894,878,850,108,106,102,77,115,142,-117,-112,-108
2025-05-10,c,0,894,559,134,789,t,901,878,850,109,106,102,77,115,142,-116,-111,-107
2025-05-10,c,3,894,531,120,768,t,901,882,848,111,109,104,77,115,142,-116,-111,-107
2025-05-10,c,2,887,484,106,775,t,901,882,856,113,110,106,77,115,152,-115,-109,-104
2025-05-10,c,5,879,452,99,775,t,901,882,856,114,111,107,77,121,154,-114,-107,-103
2025-05-10,c,4,873,379,77,775,t,901,882,856,117,115,111,99,120,153,-110,-107,-103
2025-05-10,p,4,907,581,129,789,t,901,881,838,109,106,100,84,118,140,-116,-111,-108
2025-05-10,p,1,901,576,134,793,t,907,879,841,110,106,101,84,118,140,-117,-112,-109
2025-05-10,p,5,895,545,126,782,t,907,889,843,112,110,103,84,118,140,-116,-112,-108
2025-05-10,p,0,872,455,106,783,t,907,889,861,113,111,107,84,119,164,-112,-107,-100
2025-05-10,p,3,874,455,105,786,t,907,889,861,115,113,109,84,118,161,-113,-109,-102
2025-05-10,p,2,867,387,84,762,t,907,889,861,118,116,112,105,123,165,-109,-107,-101
2025-05-11,c,1,901,588,141,775,t,887,872,848,106,104,101,85,115,150,-116,-112,-107
2025-05-11,c,0,887,543,134,789,t,901,872,850,109,105,102,85,115,150,-114,-110,-105
2025-05-11,c,3,887,515,120,773,t,901,875,847,111,108,104,85,115,150,-114,-110,-105
2025-05-11,c,2,887,500,113,775,t,901,875,846,112,108,104,85,115,153,-114,-109,-104
2025-05-11,c,5,872,438,99,775,t,901,875,850,114,110,106,85,129,155,-112,-105,-102
2025-05-11,c,4,873,400,85,775,t,901,875,850,116,113,109,99,127,153,-110,-106,-103
2025-05-11,p,1,901,588,141,786,t,900,879,841,108,105,100,84,119,147,-117,-112,-108
2025-05-11,p,4,900,562,129,789,t,901,881,838,109,106,100,84,119,147,-115,-110,-106
2025-05-11,p,5,895,559,133,782,t,901,887,838,110,108,101,84,119,147,-116,-111,-108
2025-05-11,p,0,872,471,113,783,t,901,887,861,112,110,106,84,119,165,-112,-107,-100
2025-05-11,p,3,867,441,105,782,t,901,887,861,114,112,109,84,125,168,-112,-107,-100
2025-05-11,p,2,860,375,84,769,t,901,887,861,117,115,112,105,130,167,-108,-105,-100
2025-05-13,c,1,901,588,142,768,t,887,871,841,106,103,99,85,122,150,-116,-110,-106
2025-05-13,c,3,887,529,127,771,t,901,869,845,110,106,103,85,122,150,-114,-109,-105
2025-05-13,c,0,880,528,134,787,t,901,871,850,109,105,102,85,122,150,-113,-108,-104
2025-05-13,c,2,886,500,114,775,t,901,870,845,111,106,103,85,122,161,-113,-107,-102
2025-05-13,c,5,872,455,106,773,t,901,871,850,112,108,105,85,130,162,-112,-105,-101
2025-05-13,c,4,866,387,85,773,t,901,871,850,116,112,109,106,129,161,-108,-105,-101
2025-05-13,p,1,901,600,148,786,t,893,871,839,106,103,99,84,126,155,-117,-111,-107
2025-05-13,p,4,893,545,129,796,t,901,873,838,109,105,100,84,126,155,-114,-108,-104
2025-05-13,p,5,888,543,133,782,t,901,880,838,110,107,101,84,126,155,-115,-109,-105
2025-05-13,p,0,872,486,121,783,t,901,880,853,111,108,104,84,126,165,-112,-106,-100
2025-05-13,p,3,867,457,112,782,t,901,880,853,113,110,107,84,132,168,-112,-106,-100
2025-05-13,p,2,853,364,84,762,t,901,880,853,117,114,111,112,138,168,-106,-103,-98
2025-05-14,c,1,901,588,142,761,t,887,871,836,106,103,98,85,129,151,-116,-109,-106
2025-05-14,c,3,887,543,134,771,t,901,869,838,109,105,101,85,129,151,-114,-108,-105
2025-05-14,c,0,873,514,134,787,t,901,871,850,109,105,102,85,129,151,-112,-106,-103
2025-05-14,c,2,886,500,114,775,t,901,870,841,111,106,102,85,129,167,-113,-106,-101
2025-05-14,c,5,872,471,113,773,t,901,871,850,111,107,104,85,130,167,-112,-105,-100
2025-05-14,c,4,859,375,85,773,t,901,871,850,116,112,109,113,130,168,-106,-104,-99
2025-05-14,p,1,894,583,148,793,t,893,871,833,106,103,98,84,132,156,-116,-109,-105
2025-05-14,p,4,893,559,136,796,t,894,873,832,107,104,98,84,132,156,-114,-107,-104
2025-05-14,p,5,888,556,140,775,t,894,881,835,108,106,100,84,132,156,-115,-109,-105
2025-05-14,p,0,865,472,121,790,t,894,881,852,110,108,104,84,133,173,-111,-104,-98
2025-05-14,p,3,867,472,119,775,t,894,881,852,111,109,105,84,132,174,-112,-106,-100
2025-05-14,p,2,846,353,84,762,t,894,881,852,116,114,110,119,139,176,-104,-102,-96
2025-05-15,c,1,894,571,142,764,t,887,871,835,106,103,98,85,129,157,-115,-108,-104
2025-05-15,c,3,887,556,141,771,t,894,870,835,107,104,99,85,129,157,-114,-108,-104
2025-05-15,c,2,886,515,121,775,t,894,870,835,109,105,100,85,129,167,-113,-106,-101
2025-05-15,c,0,866,500,134,780,t,894,871,850,108,105,102,85,129,157,-111,-105,-101
2025-05-15,c,5,872,471,113,768,t,894,871,850,110,107,104,85,137,168,-112,-104,-100
2025-05-15,c,4,859,375,85,766,t,894,871,850,115,112,109,113,137,175,-106,-103,-98
2025-05-15,p,1,894,595,155,793,t,886,863,832,104,101,97,91,132,162,-115,-109,-104
2025-05-15,p,4,886,543,136,803,t,894,865,832,107,103,98,91,132,162,-112,-106,-102
2025-05-15,p,5,881,541,140,775,t,894,874,829,108,105,99,91,132,162,-113,-108,-103
2025-05-15,p,0,865,486,128,790,t,894,874,844,109,106,102,91,132,174,-110,-104,-98
2025-05-15,p,3,860,459,119,775,t,894,874,844,111,108,104,91,140,174,-110,-104,-99
2025-05-15,p,2,846,371,91,762,t,894,874,844,115,112,108,119,146,178,-104,-101,-96
2025-05-16,c,3,887,568,148,771,t,887,870,830,105,103,97,85,129,164,-114,-108,-103
2025-05-16,c,1,887,556,142,764,t,887,871,832,106,103,98,85,129,164,-114,-107,-102
2025-05-16,c,2,886,529,129,775,t,887,870,833,107,104,99,85,129,171,-113,-106,-101
2025-05-16,c,0,866,513,141,775,t,887,871,849,106,104,101,85,129,164,-111,-105,-100
2025-05-16,c,5,865,457,113,768,t,887,871,849,110,107,104,85,143,175,-111,-102,-98
2025-05-16,c,4,852,364,85,759,t,887,871,849,114,112,109,113,144,182,-105,-101,-96
2025-05-16,p,1,894,605,162,786,t,881,861,826,103,100,95,91,140,162,-115,-108,-104
2025-05-16,p,5,881,553,147,775,t,894,866,828,107,103,98,91,140,162,-113,-107,-103
2025-05-16,p,4,879,528,136,803,t,894,865,826,107,103,97,91,140,162,-111,-104,-101
2025-05-16,p,0,858,474,128,790,t,894,866,844,109,105,102,91,140,174,-109,-102,-97
2025-05-16,p,3,860,474,126,775,t,894,866,844,110,106,103,91,140,181,-110,-104,-98
2025-05-16,p,2,839,361,91,762,t,894,866,844,115,111,108,126,146,178,-102,-100,-95
2025-05-17,c,1,887,568,149,761,t,880,863,829,104,101,96,92,129,164,-113,-107,-102
2025-05-17,c,3,880,553,148,766,t,887,862,829,105,102,97,92,129,164,-112,-107,-102
2025-05-17,c,0,866,525,148,773,t,887,864,843,105,102,99,92,129,164,-110,-105,-100
2025-05-17,c,2,879,514,129,768,t,887,864,832,107,103,99,92,129,178,-111,-105,-99
2025-05-17,c,5,858,444,113,761,t,887,864,843,109,106,103,92,143,183,-109,-101,-96
2025-05-17,c,4,852,382,92,759,t,887,864,843,113,110,107,113,144,183,-105,-101,-95
2025-05-17,p,1,894,605,162,779,t,881,855,825,103,99,95,91,140,168,-115,-108,-104
2025-05-17,p,5,881,564,154,775,t,894,858,821,106,101,96,91,140,168,-113,-107,-102
2025-05-17,p,4,871,514,136,803,t,894,865,826,107,103,97,91,140,168,-110,-103,-99
2025-05-17,p,0,858,487,135,790,t,894,865,841,108,103,100,91,140,174,-109,-102,-97
2025-05-17,p,3,853,462,126,775,t,894,865,841,110,106,103,91,146,183,-109,-102,-96
2025-05-17,p,2,839,361,91,761,t,894,865,841,115,111,108,126,152,179,-102,-99,-95
2025-05-18,c,1,887,579,156,761,t,879,857,821,102,99,94,92,137,170,-113,-106,-102
2025-05-18,c,3,873,538,148,773,t,887,862,822,105,102,96,92,137,170,-111,-105,-100
2025-05-18,c,2,879,528,136,766,t,887,857,825,106,101,97,92,137,178,-111,-104,-99
2025-05-18,c,0,859,512,148,773,t,887,862,838,105,102,98,92,137,170,-109,-103,-98
2025-05-18,c,5,858,459,121,759,t,887,862,838,108,105,102,92,148,183,-109,-101,-96
2025-05-18,c,4,845,371,92,759,t,887,862,838,113,110,106,121,152,186,-103,-99,-94
2025-05-18,p,1,887,590,162,779,t,874,855,824,102,99,95,98,140,174,-113,-107,-102
2025-05-18,p,5,874,550,154,768,t,887,858,818,105,101,95,98,140,174,-111,-106,-101
2025-05-18,p,4,871,526,143,796,t,887,857,823,105,100,96,98,140,174,-109,-103,-98
2025-05-18,p,0,858,500,142,783,t,887,858,838,106,102,99,98,140,183,-108,-102,-96
2025-05-18,p,3,846,450,126,768,t,887,858,838,109,105,102,98,154,191,-107,-99,-94
2025-05-18,p,2,839,378,98,761,t,887,858,838,113,109,106,126,157,188,-102,-98,-94
2025-05-20,c,1,887,590,163,761,t,879,857,814,101,98,92,92,137,175,-113,-106,-101
2025-05-20,c,3,873,550,155,773,t,887,862,817,104,101,95,92,137,175,-111,-105,-100
2025-05-20,c,2,879,541,143,766,t,887,857,821,105,100,95,92,137,178,-111,-104,-99
2025-05-20,c,0,852,500,148,780,t,887,862,838,105,102,98,92,137,175,-108,-102,-97
2025-05-20,c,5,851,447,121,764,t,887,862,838,108,105,102,92,155,187,-108,-99,-94
2025-05-20,c,4,838,361,92,759,t,887,862,838,113,110,106,121,157,189,-102,-97,-93
2025-05-20,p,1,880,575,162,779,t,874,855,824,102,99,95,98,140,179,-112,-106,-100
2025-05-20,p,5,874,561,161,766,t,880,858,818,103,100,94,98,140,179,-111,-106,-100
2025-05-20,p,4,871,538,150,789,t,880,857,823,103,99,95,98,140,179,-109,-103,-97
2025-05-20,p,0,858,512,149,783,t,880,858,838,104,101,98,98,140,189,-108,-102,-95
2025-05-20,p,3,839,439,126,761,t,880,858,838,108,105,102,98,160,196,-106,-98,-92
2025-05-20,p,2,832,368,98,754,t,880,858,838,112,109,106,126,164,196,-101,-96,-91
2025-05-21,c,1,879,575,163,761,t,873,855,814,101,98,92,92,145,175,-112,-104,-100
2025-05-21,c,3,873,550,155,766,t,879,854,816,103,100,94,92,145,175,-111,-104,-100
2025-05-21,c,2,871,526,143,761,t,879,857,821,104,100,95,92,145,185,-110,-102,-97
2025-05-21,c,0,852,512,155,780,t,879,857,833,103,100,97,92,145,175,-108,-101,-97
2025-05-21,c,5,851,462,128,764,t,879,857,833,106,103,100,92,155,190,-108,-99,-94
2025-05-21,c,4,838,361,92,752,t,879,857,833,112,109,106,128,157,195,-101,-97,-92
2025-05-21,p,1,880,585,169,779,t,874,855,817,101,98,93,98,140,179,-112,-106,-100
2025-05-21,p,5,874,561,161,761,t,880,858,814,103,100,94,98,140,179,-111,-106,-100
2025-05-21,p,4,871,550,157,789,t,880,857,818,102,98,93,98,140,179,-109,-103,-97
2025-05-21,p,0,851,500,149,783,t,880,858,838,104,101,98,98,140,194,-107,-101,-93
2025-05-21,p,3,839,439,126,761,t,880,858,838,108,105,102,98,160,200,-106,-98,-92
2025-05-21,p,2,825,359,98,754,t,880,858,838,112,109,106,126,164,204,-100,-95,-89
